{
  "artifact_type": "product_certification",
  "name": "Restriction of Hazardous Substances in Electrical and Electronic Equipment (RoHS) Directive",
  "aliases": [
    "RoHS Directive",
    "RoHS",
    "Restriction of Hazardous Substances"
  ],
  "issuing_body": "European Commission",
  "region": "EU/EEA",
  "mandatory": "All products with an electrical and electronic component, unless specifically excluded, have to comply with these restrictions. The RoHS Directive is mandatory for electrical and electronic equipment placed on the EU market.",
  "validity_period": "",
  "overview": "The RoHS Directive restricts the use of ten hazardous substances in electrical and electronic equipment (EEE) in the EU to protect the environment and public health. All EEE, unless specifically excluded, must comply with these substance restrictions to be placed on the EU market.",
  "full_description": "The Restriction of Hazardous Substances in Electrical and Electronic Equipment (RoHS) Directive is an EU law that aims to prevent risks to human health and the environment associated with the management of electronic and electrical waste. It does so by restricting the use of certain hazardous substances in EEE, including heavy metals, flame retardants, and plasticizers, which can be substituted by safer alternatives. The Directive currently restricts ten substances: lead, cadmium, mercury, hexavalent chromium, polybrominated biphenyls (PBB), polybrominated diphenyl ethers (PBDE), bis(2-ethylhexyl) phthalate (DEHP), butyl benzyl phthalate (BBP), dibutyl phthalate (DBP), and diisobutyl phthalate (DIBP). The RoHS Directive promotes the recyclability of EEE by ensuring that waste equipment contains fewer hazardous substances, and it creates a level playing field for manufacturers and importers in the European market. The Directive has been amended several times to adjust its scope and update exemptions for specific applications, particularly regarding mercury in lamps. Implementation details, exemption procedures, and assessment studies are available through the European Commission.",
  "legal_reference": "Directive 2011/65/EU (RoHS Directive) and amendments (e.g., Commission Delegated Directive (EU) 2015/863)",
  "domain_tags": [
    "Product",
    "Environment"
  ],
  "scope_tags": [
    "electrical_and_electronic_equipment"
  ],
  "harmonized_standards": [],
  "fee": null,
  "application_process": null,
  "official_link": "https://environment.ec.europa.eu/topics/waste-and-recycling/rohs-directive_en",
  "updated_at": "2024-06-13T12:00:00Z",
  "sources": [
    "https://environment.ec.europa.eu/topics/waste-and-recycling/rohs-directive_en"
  ],
  "processing_time": null,
  "prerequisites": [],
  "audit_scope": [],
  "test_items": [
    "lead",
    "cadmium",
    "mercury",
    "hexavalent_chromium",
    "polybrominated_biphenyls",
    "polybrominated_diphenyl_ethers",
    "bis(2-ethylhexyl)_phthalate",
    "butyl_benzyl_phthalate",
    "dibutyl_phthalate",
    "diisobutyl_phthalate"
  ],
  "other_relevant_info": [
    "Exemptions for specific applications are listed in Annex III and IV and are updated via delegated directives.",
    "Implementation details and exemption procedures are available from the European Commission.",
    "The RoHS Directive is closely linked to the WEEE Directive, which promotes collection and recycling of EEE."
  ]
}