{
  "artifact_type": "product_certification",
  "name": "RoHS Directive",
  "aliases": [
    "Restriction of Hazardous Substances",
    "RoHS",
    "RoHS 2"
  ],
  "issuing_body": "European Commission",
  "region": "EU/EEA",
  "mandatory": "The RoHS Directive is mandatory for electrical and electronic equipment placed on the EU market, unless an exemption is granted under specific conditions defined in Article 5(1). Exemptions are limited in time and must be reassessed regularly.",
  "validity_period": "Exemptions are limited in time; renewal applications must be submitted no later than 18 months before expiry. If a renewal request is submitted, the exemption remains valid until a decision is made. Transition periods of 12 to 18 months may be granted after rejection.",
  "overview": "The RoHS Directive restricts the use of certain hazardous substances in electrical and electronic equipment in the EU. Exemptions to these restrictions can be applied for and are subject to a defined assessment and renewal process. The European Commission manages the evaluation and decision-making for exemption requests.",
  "full_description": "The RoHS Directive, governed by the European Commission, sets restrictions on the use of specific hazardous substances in electrical and electronic equipment (EEE) placed on the EU market. Under Article 5(1), exemptions to these restrictions may be granted if certain scientific and technical criteria are met, including the availability and reliability of substitutes, environmental and health impacts, and socioeconomic considerations. Exemptions are time-limited and subject to regular reassessment. Industry stakeholders may apply for new exemptions or renew existing ones, with renewal applications required at least 18 months before expiry. The Commission's evaluation process includes technical and scientific assessment studies, stakeholder consultations, and a multi-step legislative procedure involving Member States and the European Parliament. Decisions on exemptions typically take 18 to 24 months, and transition periods of 12 to 18 months may be provided after rejection. The process is transparent, with public access to agendas, minutes, and assessment reports. Exemptions for which no renewal application is submitted expire as specified in the Directive.",
  "legal_reference": "Article 5(1) of the RoHS Directive",
  "domain_tags": [
    "Product",
    "Environment"
  ],
  "scope_tags": [
    "electrical_and_electronic_equipment"
  ],
  "harmonized_standards": [],
  "fee": null,
  "application_process": "Applications for exemption or renewal must be submitted using the official application form. Renewal applications must be made no later than 18 months before the exemption expires. The process includes technical and scientific assessment, stakeholder consultation, proposal drafting, consultation with Member States and the European Parliament, public feedback, WTO notification, adoption of the Delegated Directive, and publication in the Official Journal. Guidance documents and application forms are available: https://environment.ec.europa.eu/document/download/f1f65e3d-1b90-4dd1-a0d4-797bd6cabe98_en?filename=Guidance_Document.pdf and https://environment.ec.europa.eu/document/download/11d676c8-10a3-4450-87b6-da6c5c62767b_en?filename=RoHS_V_Application_Form.docx",
  "official_link": "https://environment.ec.europa.eu/topics/waste-and-recycling/rohs-directive/implementation-rohs-directive_en",
  "updated_at": "2024-06-13T12:00:00Z",
  "sources": [
    "https://environment.ec.europa.eu/topics/waste-and-recycling/rohs-directive/implementation-rohs-directive_en"
  ],
  "processing_time": "A decision on a RoHS exemption currently takes 18 to 24 months from the application date. The technical and scientific assessment study and stakeholder consultation typically takes around 10 months. Public feedback is open for 4 weeks, and WTO notification lasts 60 days. The scrutiny period by the European Parliament and Council is two months, with possible extension.",
  "prerequisites": [
    "Application for exemption or renewal must be submitted using the official form.",
    "Renewal applications must be made no later than 18 months before expiry."
  ],
  "audit_scope": [
    "Technical and scientific assessment study",
    "Stakeholder consultation",
    "Socioeconomic impact assessment",
    "Environmental, health and consumer safety impacts"
  ],
  "test_items": [],
  "other_relevant_info": [
    "Existing exemptions for which a renewal request has been submitted remain valid until a decision is taken by the Commission.",
    "Transition periods of 12 to 18 months may be granted after rejection of renewal.",
    "For exemptions under review with no new expiry date, submission of a new renewal application is normally not required unless new evidence affects the scope."
  ]
}