{
  "artifact_type": "product_certification",
  "name": "Restriction of Hazardous Substances (RoHS 2) Directive 2011/65/EU",
  "aliases": [
    "RoHS 2",
    "RoHS Directive",
    "Restriction of Hazardous Substances"
  ],
  "issuing_body": "European Commission (DG Environment)",
  "region": "EU/EEA",
  "mandatory": "Mandatory for all electrical and electronic equipment (EEE) placed on the EU market, unless specifically excluded by Article 2(4). Applies to manufacturers, importers, and distributors. Substance restrictions and CE marking requirements are effective from 3 January 2013, with gradual extension to new product categories through 22 July 2019.",
  "validity_period": "Exemptions are granted for a maximum validity period, decided case-by-case. For most EEE categories, exemptions expire between 5–7 years from the date specified in Annex III or IV, with renewal possible upon application. No general certificate validity period stated for compliance.",
  "overview": "RoHS 2 (Directive 2011/65/EU) restricts the use of certain hazardous substances in electrical and electronic equipment (EEE) in the EU. It requires manufacturers to ensure products do not exceed maximum concentration values for specified substances and mandates CE marking and Declaration of Conformity for compliant products. The directive applies to nearly all EEE categories, with specific exclusions and transitional periods for certain products.",
  "full_description": "RoHS 2 is the recast of the original RoHS Directive, expanding its scope to cover all electrical and electronic equipment (EEE), cables, and spare parts, except for those explicitly excluded in Article 2(4). Its main objective is to prevent risks to human health and the environment, particularly for workers involved in electronic waste management, by restricting the use of hazardous substances at the point of manufacture. The directive sets maximum concentration values for lead, mercury, cadmium, hexavalent chromium, polybrominated biphenyls (PBBs), and polybrominated diphenyl ethers (PBDEs) in homogeneous materials. RoHS 2 aligns with other EU legislation, such as REACH and the New Legislative Framework, and requires CE marking and a Declaration of Conformity for products in scope. Exemptions for specific applications or substances are possible, subject to defined criteria and validity periods. The directive applies to both consumer and professional/industrial EEE, with exclusions for military equipment, means of transport, large-scale stationary industrial tools, large-scale fixed installations, and certain R&D equipment. Compliance is demonstrated through technical documentation and adherence to harmonized standards such as EN 50581:2012.",
  "legal_reference": "Directive 2011/65/EU",
  "domain_tags": [
    "Product",
    "Environment"
  ],
  "scope_tags": [
    "electrical_and_electronic_equipment",
    "cable",
    "spare_part",
    "medical_device",
    "monitoring_and_control_instrument",
    "in_vitro_diagnostic_medical_device",
    "industrial_monitoring_and_control_instrument",
    "component",
    "printer_cartridge",
    "rfid_tag"
  ],
  "harmonized_standards": [
    "EN 50581:2012"
  ],
  "fee": null,
  "application_process": null,
  "official_link": "http://ec.europa.eu/environment/waste/rohs_eee/legis_en.htm",
  "updated_at": "2024-06-13T12:00:00Z",
  "sources": [
    "http://ec.europa.eu/environment/waste/rohs_eee/legis_en.htm"
  ],
  "processing_time": null,
  "prerequisites": [
    "Technical documentation in line with Module A of Annex II to Decision No 768/2008/EC",
    "Declaration of Conformity (DoC)",
    "CE marking",
    "Compliance with maximum concentration values for restricted substances in homogeneous materials",
    "Assessment of scope and exclusions per Article 2(4)"
  ],
  "audit_scope": [
    "Technical documentation for substance restrictions",
    "Declaration of Conformity and CE marking",
    "Product identification and traceability",
    "Assessment of exemptions and transitional arrangements"
  ],
  "test_items": [
    "lead",
    "mercury",
    "cadmium",
    "hexavalent_chromium",
    "polybrominated_biphenyls",
    "polybrominated_diphenyl_ethers"
  ],
  "other_relevant_info": [
    "Exemptions are granted for specific substances in specific applications, not for whole EEE or companies.",
    "Cables are in scope unless part of excluded EEE; optical cables are not EEE.",
    "Packaging is outside the scope of RoHS 2.",
    "Spare parts for repair, reuse, updating, or upgrading of products already on the market before the relevant dates are exempted.",
    "Closed-loop business-to-business return systems allow reuse of certain spare parts with hazardous substances above limits, under strict documentation and notification requirements."
  ]
}