{
  "artifact_type": "market_access_authorisation",
  "name": "RoHS Exemption Request (Directive 2011/65/EU Article 5(8))",
  "aliases": [
    "RoHS exemption application",
    "RoHS 2 exemption request",
    "Directive 2011/65/EU Article 5(8) exemption"
  ],
  "issuing_body": "European Commission DG ENVIRONMENT Unit ENV/A2 Waste Management & Recycling",
  "region": "EU/EEA",
  "mandatory": "Exemptions are not mandatory but are required for economic operators (manufacturers, authorized representatives, distributors, importers) who wish to place electrical and electronic equipment (EEE) containing restricted substances above prescribed limits on the EU market. Exemptions are temporary permissions and must be applied for if a product cannot comply with RoHS 2 substance restrictions.",
  "validity_period": "Maximum validity period for new exemptions is 5 years for most categories (Annex I categories 1-7, 10, 11), and 7 years for in vitro diagnostic medical devices (category 8). Existing exemptions may have specified expiry dates or run for fixed periods (e.g., 22 July 2011 - 21 July 2016 for some categories). Exemptions may be renewed if criteria are still fulfilled. If an exemption is revoked, a transition period of 12-18 months is provided.",
  "overview": "The RoHS Exemption Request process allows economic operators to apply for temporary permission to use restricted hazardous substances in electrical and electronic equipment placed on the EU market, under Directive 2011/65/EU (RoHS 2). Applications are evaluated by the European Commission based on technical, scientific, and socio-economic criteria, and may result in amendments to the directive's annexes.",
  "full_description": "Under Directive 2011/65/EU (RoHS 2), the use of certain hazardous substances in electrical and electronic equipment (EEE) placed on the EU market is restricted. Economic operators—including manufacturers, authorized representatives, distributors, and importers—may apply for exemptions if their products cannot comply with these restrictions due to technical or scientific reasons. Exemptions are listed in Annexes III and IV of the directive and are granted only if specific criteria are met, such as the impracticability of substitution, reliability concerns, or negative socio-economic impacts of substitution. The application process involves compiling detailed technical, scientific, and socio-economic documentation, submitting a standardized application form, and undergoing a multi-stage evaluation by the European Commission, which includes stakeholder consultation. The validity period for exemptions varies by product category, with a maximum of 5 years for most EEE and 7 years for in vitro diagnostic medical devices. Exemptions may be renewed if the criteria continue to be met, and a transition period is provided if an exemption is revoked. The process is designed to ensure that exemptions are only granted when justified and that the environmental and health protections afforded by the directive are maintained.",
  "legal_reference": "Directive 2011/65/EU Article 5(8)",
  "domain_tags": [
    "Product",
    "Environment"
  ],
  "scope_tags": [
    "electrical_and_electronic_equipment",
    "medical_device",
    "monitoring_and_control_instrument"
  ],
  "harmonized_standards": [
    "ISO 14040",
    "ISO 14044"
  ],
  "fee": null,
  "application_process": "1. Compile required documentation, including test results on substitutes, life cycle assessments (ISO 14040, ISO 14044), REACH-relevant documentation, supplier information, and socio-economic data. 2. Fill out the exemption application form (see appendix in the guidance document). 3. Submit the application and supporting documents to the European Commission by email (ENV-ROHS@ec.europa.eu) or post. 4. Be prepared to answer follow-up questions. 5. The Commission will acknowledge receipt within 15 days, inform Member States, and make a summary public. 6. The application undergoes technical and scientific evaluation, stakeholder consultation (minimum 8 weeks), and recommendation drafting. 7. Final decision is made by the Commission, with possible objection by Parliament or Council within 2-4 months. Official resources: http://ec.europa.eu/environment/waste/rohs_eee/pdf/faq.pdf",
  "official_link": "http://ec.europa.eu/environment/waste/rohs_eee/pdf/faq.pdf",
  "updated_at": "2024-06-13T12:00:00Z",
  "sources": [
    "http://ec.europa.eu/environment/waste/rohs_eee/pdf/faq.pdf"
  ],
  "processing_time": "The procedure may take up to one and a half years (18 months) from submission to completion. The Commission must decide on renewal applications no later than 6 months before the expiry date of the existing exemption. If an exemption is revoked, a transition period of 12-18 months is provided before expiry.",
  "prerequisites": [
    "Test results on suitability of substitutes and technical/scientific documentation (preferably third-party certified)",
    "Third-party verified life cycle assessment (ISO 14040, ISO 14044, PCF, CBA)",
    "Roadmaps for technical development of RoHS 2 compliant substitutes",
    "REACH-relevant documentation (registration, authorization)",
    "Supplier documentation on availability/non-availability of substitutes",
    "Detailed socio-economic data (preferably third-party certified)"
  ],
  "audit_scope": [
    "Completeness check of application and documentation",
    "Technical and scientific evaluation of justification and supporting information",
    "Stakeholder consultation and review of responses"
  ],
  "test_items": [
    "Lead (Pb)",
    "Mercury (Hg)",
    "Cadmium (Cd)",
    "Hexavalent chromium (Cr-VI)",
    "Polybrominated biphenyls (PBB)",
    "Polybrominated diphenyl ethers (PBDE)"
  ],
  "other_relevant_info": [
    "Applications should be submitted in digital format.",
    "Confidential and non-confidential materials should be submitted separately; confidential material cannot serve as official support for exemption requests.",
    "The scope of RoHS 2 and the list of exemptions are subject to change; applicants must stay updated.",
    "If an application is to be included in RoHS scope in the near future, the validity period starts once the application comes into scope."
  ]
}