{
  "artifact_type": "product_certification",
  "name": "Directive 2011/65/EU on the restriction of the use of certain hazardous substances in electrical and electronic equipment",
  "aliases": [
    "RoHS Directive",
    "Restriction of Hazardous Substances Directive",
    "RoHS 2"
  ],
  "issuing_body": "European Commission",
  "region": "EU/EEA",
  "mandatory": "Mandatory for all electrical and electronic equipment (EEE) placed on the EU market, unless explicitly excluded. Applies to manufacturers, importers, and distributors of EEE within the EU/EEA.",
  "validity_period": "No fixed validity period for the Directive itself; time-limited exemptions for specific applications are valid for up to five or seven years depending on EEE category, with transition periods of 12 to 18 months if exemptions are revoked or not renewed.",
  "overview": "Directive 2011/65/EU (RoHS) restricts the use of certain hazardous substances in electrical and electronic equipment to protect human health and the environment. It harmonizes substance restrictions across the EU/EEA, requiring manufacturers to ensure compliance, affix CE marking, and maintain technical documentation.",
  "full_description": "Directive 2011/65/EU, known as the RoHS Directive, aims to reduce the amount of hazardous substances in electrical and electronic equipment (EEE) to protect human health and the environment, and to facilitate the environmentally sound recovery and disposal of waste EEE. The Directive applies to all EEE placed on the EU market, unless specifically excluded, and covers 11 categories of EEE as listed in Annex I. It restricts the use of ten hazardous substances (including lead, mercury, cadmium, hexavalent chromium, PBB, PBDE, and four phthalates) above specified concentration limits in homogeneous materials. The Directive requires manufacturers to carry out conformity assessment, draw up technical documentation, issue an EU declaration of conformity, and affix the CE marking. There are provisions for time-limited and application-specific exemptions, as well as derogations for certain spare parts and cables. The Directive is enforced through market surveillance by national authorities, and non-compliance can result in products being withdrawn from the market. The RoHS Directive has influenced similar legislation globally and is considered a benchmark for reducing toxic substances in EEE.",
  "legal_reference": "Directive 2011/65/EU of the European Parliament and of the Council of 8 June 2011; Commission Delegated Directive (EU) 2015/863",
  "domain_tags": [
    "Product",
    "Environment"
  ],
  "scope_tags": [
    "large_household_appliance",
    "small_household_appliance",
    "it_and_telecommunication_equipment",
    "consumer_equipment",
    "lighting_equipment",
    "electrical_tool",
    "toy",
    "medical_device",
    "monitoring_and_control_instrument",
    "automatic_dispenser"
  ],
  "harmonized_standards": [
    "EN IEC 63000:2018"
  ],
  "fee": null,
  "application_process": "Manufacturers must ensure EEE is designed and manufactured in accordance with substance restrictions, carry out internal production control, draw up technical documentation, issue an EU declaration of conformity, and affix the CE marking. For exemptions, applications must be submitted with supporting documentation as described in Annex V. Guidance and application forms are available on the European Commission's RoHS website: https://environment.ec.europa.eu/topics/waste-and-recycling/rohs-directive/implementation-rohs-directive_en",
  "official_link": "https://eur-lex.europa.eu/legal-content/EN/TXT/?uri=CELEX%3A02011L0065-20230301",
  "updated_at": "2024-06-13T00:00:00Z",
  "sources": [
    "https://eur-lex.europa.eu/legal-content/EN/TXT/?uri=CELEX%3A02011L0065-20230301",
    "https://environment.ec.europa.eu/topics/waste-and-recycling/rohs-directive_en",
    "https://environment.ec.europa.eu/topics/waste-and-recycling/rohs-directive/implementation-rohs-directive_en"
  ],
  "processing_time": "The average time to evaluate and grant an exemption is over 24 months as of December 2022, with some cases taking up to 40 months. Transposition of amendments by Member States can take between two and twelve months.",
  "prerequisites": [
    "Technical documentation demonstrating compliance with substance restrictions",
    "Internal production control procedure",
    "EU declaration of conformity",
    "Affixing of CE marking",
    "For exemptions: submission of application with supporting evidence as per Annex V"
  ],
  "audit_scope": [
    "Technical documentation",
    "Conformity assessment procedure",
    "Market surveillance by national authorities"
  ],
  "test_items": [
    "Lead",
    "Mercury",
    "Cadmium",
    "Hexavalent chromium",
    "Polybrominated biphenyls (PBB)",
    "Polybrominated diphenyl ethers (PBDE)",
    "Bis(2-ethylhexyl) phthalate (DEHP)",
    "Butyl benzyl phthalate (BBP)",
    "Dibutyl phthalate (DBP)",
    "Diisobutyl phthalate (DIBP)"
  ],
  "other_relevant_info": [
    "The Directive includes time-limited and application-specific exemptions listed in Annexes III and IV.",
    "Exemptions are valid for up to five or seven years depending on EEE category.",
    "Transition periods of 12 to 18 months apply if exemptions are revoked or not renewed.",
    "The Directive has a global impact, with similar legislation adopted in about 40 jurisdictions outside the EU.",
    "Market surveillance is carried out by national authorities, and non-compliance can result in withdrawal from the market.",
    "The RoHS Directive is closely linked to other EU legislation such as REACH, POPs Regulation, and the WEEE Directive."
  ]
}