{
  "artifact_type": "registration",
  "name": "Waste from Electrical and Electronic Equipment (WEEE) Directive",
  "aliases": [
    "WEEE Directive",
    "WEEE",
    "Waste Electrical and Electronic Equipment Directive"
  ],
  "issuing_body": "European Commission",
  "region": "EU/EEA",
  "mandatory": "The WEEE Directive requires the separate collection and proper treatment of WEEE and sets targets for their collection, recovery and recycling. It is mandatory for all electrical and electronic equipment placed on the EU market.",
  "validity_period": "Not specified in the provided content.",
  "overview": "The WEEE Directive sets EU rules for the collection, treatment, and recycling of waste electrical and electronic equipment. It aims to improve resource efficiency, reduce environmental and health risks, and support the circular economy by ensuring proper management of e-waste.",
  "full_description": "The Waste from Electrical and Electronic Equipment (WEEE) Directive is an EU legislative framework addressing the environmental and health issues caused by the increasing volume of discarded electronics. It covers a wide range of devices, including mobile phones, computers, televisions, fridges, household appliances, lamps, medical devices, and photovoltaic panels. The Directive requires the separate collection and proper treatment of WEEE, setting targets for collection, recovery, and recycling. It aims to prevent the creation of e-waste, promote the efficient use of resources, and facilitate the retrieval of secondary raw materials through re-use, recycling, and other forms of recovery. The WEEE Directive also harmonizes national EEE registers and reporting formats, and helps combat illegal waste exports. Its implementation supports the EU's shift to a circular economy and enhances the security of supply for critical raw materials.",
  "legal_reference": "Directive 2012/19/EU",
  "domain_tags": [
    "Environment",
    "Product"
  ],
  "scope_tags": [
    "mobile_phone",
    "computer",
    "television",
    "fridge",
    "household_appliance",
    "lamp",
    "medical_device",
    "photovoltaic_panel"
  ],
  "harmonized_standards": [],
  "fee": null,
  "application_process": null,
  "official_link": "https://environment.ec.europa.eu/topics/waste-and-recycling/waste-electrical-and-electronic-equipment-weee_en",
  "updated_at": "2024-06-13T00:00:00Z",
  "sources": [
    "https://environment.ec.europa.eu/topics/waste-and-recycling/waste-electrical-and-electronic-equipment-weee_en"
  ],
  "processing_time": null,
  "prerequisites": [],
  "audit_scope": [],
  "test_items": [],
  "other_relevant_info": [
    "The WEEE Directive helps European countries fight illegal waste exports by making it harder for exporters to disguise illegal shipments of WEEE.",
    "The Directive reduces administrative burden by harmonising national EEE registers and reporting formats.",
    "For questions on WEEE implementation or enforcement, contact Member State authorities or the European WEEE Registers Network (EWRN)."
  ]
}