{
  "artifact_type": "product_certification",
  "name": "RoHS Directive",
  "aliases": [
    "Restriction of Hazardous Substances Directive",
    "Directive 2011/65/EU"
  ],
  "issuing_body": "European Commission",
  "region": "EU/EEA",
  "mandatory": "Mandatory for electrical and electronic equipment placed on the EU market, as referenced by the RoHS Directive and its amendments.",
  "validity_period": "Not specified in the provided content.",
  "overview": "The RoHS Directive restricts the use of certain hazardous substances in electrical and electronic equipment in the EU. It is a key piece of EU waste law aimed at protecting human health and the environment.",
  "full_description": "The RoHS Directive (Restriction of Hazardous Substances Directive) is a European Union law that limits the use of specific hazardous materials found in electrical and electronic equipment (EEE). The directive, along with its amendments and delegated directives, sets out the substances that are restricted (listed in Annex II) and provides for exemptions (Annex III and IV) under certain conditions. The law is designed to reduce the environmental impact and increase the safety of EEE by controlling the presence of substances such as lead, mercury, cadmium, and others. The directive is updated periodically through delegated directives to add or remove substances and to clarify exemptions. Compliance with RoHS is required for manufacturers and importers who wish to place EEE on the EU market.",
  "legal_reference": "Directive 2011/65/EU",
  "domain_tags": [
    "Product",
    "Environment"
  ],
  "scope_tags": [
    "electrical_and_electronic_equipment"
  ],
  "harmonized_standards": [],
  "fee": null,
  "application_process": null,
  "official_link": "https://eur-lex.europa.eu/legal-content/EN/TXT/?uri=CELEX:32011L0065",
  "updated_at": "2024-06-13T00:00:00Z",
  "sources": [
    "https://environment.ec.europa.eu/topics/waste-and-recycling/waste-law_en",
    "https://eur-lex.europa.eu/legal-content/EN/TXT/?uri=CELEX:32011L0065"
  ],
  "processing_time": null,
  "prerequisites": [],
  "audit_scope": [],
  "test_items": [],
  "other_relevant_info": [
    "The RoHS Directive is amended by several delegated directives, which update the list of restricted substances and exemptions.",
    "Annex II lists restricted substances; Annex III and IV list exemptions."
  ]
}