{
  "artifact_type": "registration",
  "name": "REACH Regulation",
  "aliases": [
    "REACH",
    "Registration, Evaluation, Authorisation and Restriction of Chemicals"
  ],
  "issuing_body": "European Commission",
  "region": "EU/EEA",
  "mandatory": "REACH stipulates that chemical substances that exceed 1 tonne per year per company must be registered with ECHA. This obligation applies to both substances and mixtures. National competent authorities from EU Member States and EEA countries are required to report on compliance.",
  "validity_period": "National competent authorities must submit a report on the operation of REACH and compliance with CLP every five years. No explicit validity period for individual registrations is stated.",
  "overview": "The REACH Regulation is the main EU law to protect human health and the environment from the risks posed by chemicals. It requires manufacturers and importers to register information on chemical substances with the European Chemicals Agency (ECHA) and manage associated risks.",
  "full_description": "The REACH Regulation (EC 1907/2006) is the European Union's primary legal framework for the registration, evaluation, authorisation, and restriction of chemicals. Its main objectives are to ensure a high level of protection for human health and the environment, assess the safety of chemical substances in use, promote innovation and competitiveness, and encourage alternative (non-animal) methods for hazard assessment. Under REACH, manufacturers and importers must gather information on the properties of chemical substances and register this data with ECHA if they handle more than 1 tonne per year. ECHA manages the central database, coordinates evaluation, and provides public hazard information. The regulation includes processes for registration, evaluation, authorisation (especially for substances of very high concern), and restriction of hazardous chemicals. It also grants consumers the right to know about harmful chemicals in products and obliges companies to respond to such inquiries within 45 days. REACH has been updated to address nanomaterials and is subject to ongoing revision to reflect scientific and regulatory advancements.",
  "legal_reference": "Regulation (EC) No 1907/2006",
  "domain_tags": [
    "Product",
    "Environment"
  ],
  "scope_tags": [
    "chemical_substance",
    "mixture",
    "nanomaterial"
  ],
  "harmonized_standards": [],
  "fee": null,
  "application_process": "Manufacturers and importers must gather information on the properties of their chemical substances and register that information in a central database in the European Chemicals Agency (ECHA). For more information on REACH registration, see ECHA's registration webpages: https://echa.europa.eu/web/guest/regulations/reach/registration",
  "official_link": "https://environment.ec.europa.eu/topics/chemicals/reach-regulation_en",
  "updated_at": "2024-06-20T00:00:00Z",
  "sources": [
    "https://environment.ec.europa.eu/topics/chemicals/reach-regulation_en"
  ],
  "processing_time": null,
  "prerequisites": [
    "Information on the properties of chemical substances",
    "Identification of risks linked to the substances handled",
    "Indication of how risks are managed"
  ],
  "audit_scope": [],
  "test_items": [],
  "other_relevant_info": [
    "Upon receiving a consumer inquiry about the presence of a substance of very high concern in an article, companies are obliged to reply within 45 days.",
    "REACH includes specific provisions for nanomaterials as of 2018 and 2020 updates.",
    "The regulation is under revision to further improve protection and adapt to new scientific knowledge."
  ]
}