{
  "artifact_type": "management_system_certification",
  "name": "EU Common Data Platform on Chemicals and Monitoring and Outlook Framework for Chemicals",
  "aliases": [
    "EU Chemicals Data Platform",
    "Common Data Platform on Chemicals",
    "Monitoring and Outlook Framework for Chemicals"
  ],
  "issuing_body": "European Commission (with operational roles for ECHA, EEA, EFSA, EMA, EU-OSHA)",
  "region": "EU/EEA",
  "mandatory": "The establishment and operation of the platform will not impose any costs on industry. Economic operators will continue to have to fulfil their legal obligations as they are doing today under the relevant specific pieces of legislation. Economic operators and laboratories will experience some administrative burden linked to the requirement to submit a notification when a study is intended to be commissioned or carried out. Quantified costs associated with the notification obligation are set out in the staff working document accompanying this proposal.",
  "validity_period": "Not specified; the platform and framework are ongoing operational systems with no fixed renewal cycle.",
  "overview": "The EU Common Data Platform on Chemicals and Monitoring and Outlook Framework for Chemicals is a new regulatory infrastructure to centralize, harmonize, and make accessible all chemical data held by EU agencies. It aims to improve the efficiency, coherence, quality, and transparency of chemical assessments under EU legislation, and to enable early identification of emerging chemical risks.",
  "full_description": "The EU Common Data Platform on Chemicals and Monitoring and Outlook Framework for Chemicals is a comprehensive IT and governance system established by the European Commission, with operational roles for ECHA, EEA, EFSA, EMA, and EU-OSHA. Its purpose is to bring together chemicals data in one common data platform, increasing findability and simplifying access for all users, including citizens, industry, national authorities, EU agencies, and the Commission. The platform supports the 'one substance, one assessment' approach, facilitating quality and mutual coherence of chemicals assessments. It includes standard formats and controlled vocabularies to enhance interoperability, and dedicated services such as a repository of reference values, information on regulatory processes, and a database on environmental sustainability related data. The monitoring and outlook framework includes an early warning and action system for emerging chemical risks, allowing for faster regulatory response. The platform is not intended to impose new obligations on industry, but economic operators and laboratories will have to notify studies as required. The system is expected to require significant resources for setup and operation, especially for ECHA, and will be governed by the European Commission with input from the relevant agencies.",
  "legal_reference": "Proposal for a regulation of the European Parliament and of the Council establishing a common data platform on chemicals, laying down rules to ensure that the data contained in it are findable, accessible, interoperable and reusable and establishing a monitoring and outlook framework for chemicals",
  "domain_tags": [
    "Product",
    "Environment"
  ],
  "scope_tags": [
    "chemicals",
    "chemical_data",
    "monitoring_data",
    "reference_values",
    "regulatory_processes",
    "sustainability_data"
  ],
  "harmonized_standards": [],
  "fee": "No direct fees for industry. Operational budget for agencies: up to EUR 8,657,000 per year for the first three years, then EUR 7,080,000 per year. Economic operators and laboratories may have administrative costs for study notification (see staff working document for details).",
  "application_process": "No application process for industry. Agencies must provide data to the platform in appropriate formats, set formats and controlled vocabularies, and cooperate in developing and operating the platform. Economic operators and laboratories must notify studies as required by law. See official documentation for agency procedures.",
  "official_link": "https://eur-lex.europa.eu/legal-content/EN/TXT/?uri=CELEX%3A52023SC0850",
  "updated_at": "2024-06-13T12:00:00Z",
  "sources": [
    "https://eur-lex.europa.eu/legal-content/EN/TXT/?uri=CELEX%3A52023SC0850"
  ],
  "processing_time": "Initial setup phase: up to 3 years for full development and integration of datasets. Ongoing operation is continuous. No specific processing time for industry as the platform is not an application-based system.",
  "prerequisites": [],
  "audit_scope": [],
  "test_items": [],
  "other_relevant_info": [
    "The platform is a central part of the EU's 'one substance, one assessment' strategy.",
    "No new legal obligations for industry beyond existing sectoral requirements; main impact is on EU agencies and authorities.",
    "Significant resource allocation for ECHA, EEA, EFSA, EMA, and EU-OSHA for setup and operation.",
    "Includes early warning and action system for emerging chemical risks.",
    "Not a product certification or market access scheme, but a regulatory data and monitoring infrastructure."
  ]
}