{
  "artifact_type": "product_certification",
  "name": "EU Ecolabel electronic displays",
  "aliases": [
    "EU Ecolabel for Electronic Displays",
    "EU Ecolabel Electronic Displays",
    "EU Ecolabel TVs",
    "EU Ecolabel Monitors",
    "EU Ecolabel Digital Signage Displays"
  ],
  "issuing_body": "European Commission",
  "region": "EU/EEA",
  "mandatory": "Voluntary environmental label for electronic displays (televisions, monitors, digital signage displays) placed on the EU market. Not legally required, but may be required by some public procurement or retailers.",
  "validity_period": "The applicant shall provide evidence of the energy efficiency class met and the available models in EPREL database at least every two years during the validity period. No explicit overall validity period stated.",
  "overview": "The EU Ecolabel for electronic displays is a voluntary product certification scheme governed by the European Commission. It sets environmental and social responsibility criteria for televisions, monitors, and digital signage displays, covering energy use, hazardous substances, reparability, end-of-life, and supply chain practices. Applicants must submit detailed documentation and verification forms to demonstrate compliance.",
  "full_description": "The EU Ecolabel for electronic displays, established by Commission Decision (EU) 2020/1804, is a voluntary product certification scheme for televisions, monitors, and digital signage displays marketed in the EU/EEA. The scheme sets comprehensive criteria across six main areas: energy consumption (including energy efficiency class and power management), restricted substances (including SVHCs, specific hazardous substances, and CLP-classified chemicals), reparability (spare parts, repair manuals, and commercial guarantees), end-of-life management (recyclability, recycled content, and design for dismantling), corporate social responsibility (labour conditions, human rights, and conflict minerals), and information requirements (user instructions and label use). Applicants must complete a verification form, compile supplier declarations (Annex I), and provide supporting documentation such as test reports, audit reports, and diagrams. The scheme references multiple EU regulations and international standards for assessment and verification. The EU Ecolabel is not mandatory but is recognized as a mark of environmental excellence and may be required in some public procurement or by retailers.",
  "legal_reference": "Commission Decision (EU) 2020/1804",
  "domain_tags": [
    "Product",
    "Environment"
  ],
  "scope_tags": [
    "television",
    "monitor",
    "digital_signage_display"
  ],
  "harmonized_standards": [
    "Annex IV to Delegated Regulation (EU) 2019/2013",
    "Annex III to Regulation (EU) 2019/2021",
    "IEC 62321-3-1",
    "AfPS GS 2014:01 PAK",
    "ISO 180",
    "ISO 11469",
    "ISO 1043",
    "ISO 5742",
    "ISO 1174",
    "ISO 15601"
  ],
  "fee": "Application fees may be related to the status of your company and, if applicable, EMAS or ISO 14001 certificates. No explicit fee amounts stated.",
  "application_process": "1. Ensure the product fulfills all applicable legal requirements in the intended market(s).\n2. Download and complete the verification form (https://ec.europa.eu/environment/ecolabel/products-groups-and-criteria.html).\n3. Gather and submit all required documentation, including:\n   - Completed verification form (application form and declarations for each criterion)\n   - Compiled supplier declarations (Annex I)\n   - Test reports, audit reports, diagrams, and supporting evidence as specified for each criterion\n4. Submit the application and documentation to the relevant national Competent Body (list: https://ec.europa.eu/environment/ecolabel/competent-bodies.html).\n5. Competent Bodies may provide guidance and support during the application process.",
  "official_link": "https://ec.europa.eu/environment/ecolabel/products-groups-and-criteria.html",
  "updated_at": "2024-06-13T12:00:00Z",
  "sources": [
    "https://environment.ec.europa.eu/document/download/e9c70af5-4a2c-44c5-a06a-9658d6eaf364_en?filename=User%20Manual%20-%20Electronic%20Displays%20v1.0.docx",
    "https://ec.europa.eu/environment/ecolabel/products-groups-and-criteria.html"
  ],
  "processing_time": null,
  "prerequisites": [
    "Product must fulfill all applicable legal requirements of the country or countries in which it is intended to be placed on the market.",
    "Completed verification form (application form and declarations for each criterion).",
    "Compiled supplier declarations (Annex I) for SVHCs, restricted substances, and other relevant criteria.",
    "Test reports for energy efficiency, hazardous substances, and recyclability as specified.",
    "Audit reports for social responsibility criteria.",
    "Supporting documentation for recycled content, repairability, and end-of-life management."
  ],
  "audit_scope": [
    "Labour conditions and human rights during manufacture at final assembly site",
    "Supply chain due diligence for conflict minerals",
    "Verification of compliance with ILO conventions and other international guidelines",
    "Assessment of living wage, freedom of association, and occupational health and safety"
  ],
  "test_items": [
    "Energy efficiency class (per Annex IV to Delegated Regulation (EU) 2019/2013)",
    "Maximum on mode power demand (per Annex III to Regulation (EU) 2019/2021)",
    "Presence of SVHCs and restricted substances (per IEC 62321-3-1, AfPS GS 2014:01 PAK)",
    "Recyclability of plastics (ISO 180 or equivalent)",
    "Plastic part marking (ISO 11469, ISO 1043)",
    "Dismantling steps and tools (ISO 5742, ISO 1174, ISO 15601)"
  ],
  "other_relevant_info": [
    "Products with a metal casing are exempt from the recycled content sub-criterion.",
    "Marking exemptions for plastic parts are detailed in Annex II of Regulation (EU) 2019/2021.",
    "Declarations and supporting documents from suppliers can be provided directly to competent bodies.",
    "The user manual is for guidance only and does not replace the Commission Decision or relevant legislation."
  ]
}