{
  "artifact_type": "product_certification",
  "name": "EU Ecolabel electronic displays",
  "aliases": [
    "EU Ecolabel for Electronic Displays",
    "EU Ecolabel TVs",
    "EU Ecolabel Monitors"
  ],
  "issuing_body": "European Commission",
  "region": "EU/EEA",
  "mandatory": false,
  "validity_period_months": 48,
  "overview": "The EU Ecolabel for electronic displays certifies televisions, monitors, and digital signage displays that meet strict environmental and social criteria, including energy efficiency, restricted substances, reparability, recyclability, and responsible sourcing.",
  "full_description": "The EU Ecolabel for electronic displays, established by Commission Decision (EU) 2020/1804, is a voluntary product certification scheme for televisions, monitors, and digital signage displays marketed in the EU/EEA. It sets comprehensive criteria covering energy consumption, hazardous substances, reparability, end-of-life management, corporate social responsibility, and user information. Applicants must provide extensive documentation, including test reports, supplier declarations, audit reports, and evidence of compliance with social and environmental standards. The scheme aims to promote products with reduced environmental impact throughout their lifecycle and to encourage responsible supply chain practices. The Ecolabel is recognized across the EU/EEA and is valid for four years, subject to renewal.",
  "legal_reference": "Commission Decision (EU) 2020/1804",
  "domain_tags": [
    "environmental_label"
  ],
  "scope_tags": [
    "television",
    "monitor",
    "digital_signage_display",
    "electronic_display"
  ],
  "harmonized_standards": [
    "Annex IV to Delegated Regulation (EU) 2019/2013",
    "Annex III to Regulation (EU) 2019/2021",
    "IEC 62321-3-1",
    "AfPS GS 2014:01 PAK",
    "ISO 180",
    "ISO 11469",
    "ISO 1043",
    "ISO 5742",
    "ISO 1174",
    "ISO 15601"
  ],
  "fee": "Varies by Member State and product; application and annual fees may apply. See national Competent Body for details.",
  "application_process": "1. Check product eligibility and criteria. 2. Complete verification form and gather supplier declarations. 3. Submit application and supporting documents to national Competent Body. 4. Undergo assessment and verification. 5. Receive licence if approved. See: http://ec.europa.eu/environment/ecolabel/how-to-apply-for-eu-ecolabel.html",
  "official_link": "http://ec.europa.eu/environment/ecolabel/products-groups-and-criteria.html",
  "updated_at": "2024-06-10T00:00:00Z",
  "sources": [
    "https://environment.ec.europa.eu/document/download/e9c70af5-4a2c-44c5-a06a-9658d6eaf364_en?filename=User%20Manual%20-%20Electronic%20Displays%20v1.0.docx",
    "http://ec.europa.eu/environment/ecolabel/products-groups-and-criteria.html",
    "http://ec.europa.eu/environment/ecolabel/how-to-apply-for-eu-ecolabel.html"
  ],
  "lead_time_days": 90,
  "processing_time_days": 60,
  "prerequisites": [
    "Product must comply with all applicable legal requirements in target markets",
    "Completed verification form",
    "Supplier declarations (Annex I)",
    "Test reports for energy efficiency and restricted substances",
    "Audit reports for social responsibility (if applicable)"
  ],
  "audit_scope": [
    "Energy consumption and efficiency",
    "Restricted substances and hazardous materials",
    "Reparability and spare parts availability",
    "End-of-life recyclability and dismantling",
    "Corporate social responsibility (labour, human rights, conflict minerals)",
    "User information and labelling"
  ],
  "test_items": [
    "Energy efficiency class",
    "On mode power demand",
    "Automatic brightness control",
    "Presence of SVHCs",
    "Restricted substances (e.g., heavy metals, PAHs, biocides, mercury, arsenic, phthalates)",
    "Flame retardants and plasticisers",
    "Recyclability of plastics",
    "Plastic part marking",
    "Recycled content",
    "Dismantling procedures"
  ],
  "other_relevant_info": "The EU Ecolabel for electronic displays is valid for four years and requires periodic evidence updates (e.g., energy class in EPREL database every two years). The scheme covers televisions, monitors, and digital signage displays, with detailed requirements for energy use, hazardous substances, reparability, end-of-life, and social responsibility. Application and renewal processes are managed by national Competent Bodies. The Ecolabel is voluntary but widely recognized in public procurement and green purchasing.",
  "harmonized_standards": [
    "Annex IV to Delegated Regulation (EU) 2019/2013",
    "Annex III to Regulation (EU) 2019/2021",
    "IEC 62321-3-1",
    "AfPS GS 2014:01 PAK",
    "ISO 180",
    "ISO 11469",
    "ISO 1043",
    "ISO 5742",
    "ISO 1174",
    "ISO 15601"
  ]
}