{
  "artifact_type": "registration",
  "name": "REACH Regulation",
  "aliases": [
    "Registration, Evaluation, Authorisation and Restriction of Chemicals",
    "REACH",
    "EC 1907/2006"
  ],
  "issuing_body": "European Commission",
  "region": "EU/EEA",
  "mandatory": true,
  "validity_period_months": 0,
  "overview": "The REACH Regulation is the main EU law for the registration, evaluation, authorisation, and restriction of chemicals, aiming to protect human health and the environment from chemical risks. It requires manufacturers and importers to register chemical substances with the European Chemicals Agency (ECHA).",
  "full_description": "REACH (Registration, Evaluation, Authorisation and Restriction of Chemicals) is a comprehensive EU regulation that governs the production and use of chemical substances. It places responsibility on industry to assess and manage risks posed by chemicals and to provide appropriate safety information. Companies manufacturing or importing chemical substances in quantities of 1 tonne or more per year must register these substances with ECHA, providing detailed information on their properties and uses. The regulation covers substances on their own, in mixtures, and in articles, and includes processes for evaluation, authorisation of substances of very high concern, and restriction of hazardous chemicals. REACH also promotes innovation, competitiveness, and the use of alternative methods for hazard assessment.",
  "legal_reference": "Regulation (EC) No 1907/2006",
  "domain_tags": [
    "chemical_safety"
  ],
  "scope_tags": [
    "chemical_substance",
    "mixture",
    "article",
    "nanomaterial"
  ],
  "harmonized_standards": [],
  "fee": "Varies by substance and tonnage band; see ECHA fee calculator.",
  "application_process": "- Identify substances and quantities\n- Prepare registration dossier\n- Submit dossier to ECHA via REACH-IT\n- Pay applicable fees\n- Await evaluation and possible further information requests\nSee: https://echa.europa.eu/web/guest/regulations/reach/registration",
  "official_link": "https://environment.ec.europa.eu/topics/chemicals/reach-regulation_en",
  "updated_at": "2024-07-10T00:00:00Z",
  "sources": [
    "https://environment.ec.europa.eu/topics/chemicals/reach-regulation_en",
    "https://eur-lex.europa.eu/legal-content/EN/TXT/?uri=CELEX%3A02006R1907-20221217",
    "https://echa.europa.eu/web/guest/regulations/reach/registration"
  ],
  "lead_time_days": null,
  "processing_time_days": null,
  "prerequisites": [
    "Identification of substances and uses",
    "Data on substance properties",
    "Safety data sheets",
    "Risk management measures"
  ],
  "audit_scope": [],
  "test_items": [
    "chemical_properties",
    "hazard_assessment",
    "risk_management_measures",
    "presence_of_substances_of_very_high_concern"
  ],
  "other_relevant_info": "REACH applies to all chemical substances manufactured or imported into the EU/EEA in quantities of 1 tonne or more per year. It includes specific provisions for nanomaterials and requires companies to respond to consumer inquiries about substances of very high concern within 45 days."
}
