{
  "artifact_type": "product_certification",
  "name": "Waste from Electrical and Electronic Equipment (WEEE) Directive",
  "aliases": [
    "WEEE Directive",
    "Directive 2012/19/EU",
    "E-waste Directive"
  ],
  "issuing_body": "European Commission",
  "region": "EU/EEA",
  "mandatory": true,
  "validity_period_months": 0,
  "overview": "The WEEE Directive sets EU rules for the collection, treatment, recycling, and environmentally sound disposal of waste electrical and electronic equipment to support a circular economy and reduce environmental and health risks.",
  "full_description": "The Waste from Electrical and Electronic Equipment (WEEE) Directive establishes requirements for the separate collection, proper treatment, and recycling of electrical and electronic equipment (EEE) at the end of its life within the EU/EEA. It aims to prevent the creation of e-waste, promote resource efficiency, and ensure the recovery of valuable and critical raw materials. The Directive covers a wide range of products, including household appliances, IT equipment, medical devices, and photovoltaic panels. It sets collection, recovery, and recycling targets, harmonizes national registers and reporting formats, and helps combat illegal waste exports. Compliance is mandatory for manufacturers, importers, and distributors placing EEE on the EU market.",
  "legal_reference": "Directive 2012/19/EU",
  "domain_tags": [
    "environmental_compliance"
  ],
  "scope_tags": [
    "electrical_equipment",
    "electronic_equipment",
    "household_appliance",
    "it_equipment",
    "medical_device",
    "photovoltaic_panel",
    "lamp"
  ],
  "harmonized_standards": [],
  "fee": null,
  "application_process": "Register EEE with national authorities, report placed-on-market and collected volumes, comply with collection and recycling targets. See: https://environment.ec.europa.eu/topics/waste-and-recycling/waste-electrical-and-electronic-equipment-weee/implementation-weee-directive_en",
  "official_link": "https://environment.ec.europa.eu/topics/waste-and-recycling/waste-electrical-and-electronic-equipment-weee_en",
  "updated_at": "2024-06-10T00:00:00Z",
  "sources": [
    "https://environment.ec.europa.eu/topics/waste-and-recycling/waste-electrical-and-electronic-equipment-weee_en",
    "https://eur-lex.europa.eu/legal-content/EN/TXT/?uri=CELEX:02012L0019-20180704"
  ],
  "lead_time_days": null,
  "processing_time_days": null,
  "prerequisites": [],
  "audit_scope": [],
  "test_items": [],
  "other_relevant_info": "The WEEE Directive works in conjunction with the RoHS Directive to address hazardous substances in EEE. Implementation and enforcement are managed at the Member State level, with harmonized reporting and registration requirements across the EU."
}
