{
  "artifact_type": null,
  "name": null,
  "aliases": [],
  "issuing_body": null,
  "region": null,
  "mandatory": null,
  "validity_period_months": null,
  "overview": null,
  "full_description": null,
  "legal_reference": null,
  "domain_tags": [],
  "scope_tags": [],
  "harmonized_standards": [],
  "fee": null,
  "application_process": null,
  "official_link": "https://environment.ec.europa.eu/topics/waste-and-recycling/rohs-directive/implementation-rohs-directive_en",
  "updated_at": "2024-06-10T00:00:00Z",
  "sources": [
    "https://environment.ec.europa.eu/topics/waste-and-recycling/rohs-directive/implementation-rohs-directive_en",
    "https://environment.ec.europa.eu/document/download/f1f65e3d-1b90-4dd1-a0d4-797bd6cabe98_en?filename=Guidance_Document.pdf",
    "https://environment.ec.europa.eu/document/download/11d676c8-10a3-4450-87b6-da6c5c62767b_en?filename=RoHS_V_Application_Form.docx",
    "https://environment.ec.europa.eu/document/download/f4bd701f-7c2c-4d52-9a03-dc91866e6c61_en?filename=Exemptions%20list%20validity%20and%20rolling%20plan_December2024.xlsx"
  ],
  "lead_time_days": 540,
  "processing_time_days": null,
  "prerequisites": [],
  "audit_scope": [],
  "test_items": [],
  "other_relevant_info": "The RoHS Directive allows for time-limited exemptions from substance restrictions, which are reassessed regularly. Applications for renewal must be submitted at least 18 months before expiry. The evaluation process includes technical and scientific assessment, stakeholder consultation, and scrutiny by EU institutions. Existing exemptions remain valid until a decision is made."
}