{
  "artifact_type": null,
  "name": null,
  "aliases": [],
  "issuing_body": null,
  "region": null,
  "mandatory": null,
  "validity_period_months": null,
  "overview": null,
  "full_description": null,
  "legal_reference": null,
  "domain_tags": [],
  "scope_tags": [],
  "harmonized_standards": [],
  "fee": null,
  "application_process": null,
  "official_link": null,
  "updated_at": null,
  "sources": [
    "https://environment.ec.europa.eu/topics/waste-and-recycling/waste-law_en",
    "https://eur-lex.europa.eu/legal-content/EN/TXT/?uri=CELEX:32008L0098",
    "https://eur-lex.europa.eu/legal-content/EN/TXT/?uri=CELEX%3A32006L0066",
    "https://eur-lex.europa.eu/legal-content/EN/TXT/?uri=celex%3A32000L0053",
    "http://eur-lex.europa.eu/legal-content/EN/TXT/?uri=CELEX:31999L0031",
    "https://eur-lex.europa.eu/legal-content/EN/TXT/?uri=CELEX:02006L0021-20090807",
    "https://eur-lex.europa.eu/legal-content/EN/TXT/?uri=celex%3A31994L0062",
    "https://eur-lex.europa.eu/legal-content/EN/TXT/?uri=CELEX:31996L0059",
    "https://eur-lex.europa.eu/legal-content/EN/TXT/?uri=CELEX:32011L0065",
    "https://eur-lex.europa.eu/legal-content/EN/TXT/?uri=CELEX:31986L0278",
    "https://eur-lex.europa.eu/legal-content/EN/TXT/?uri=celex:02013R1257-20180704",
    "https://eur-lex.europa.eu/legal-content/en/TXT/?uri=CELEX:32019R1021",
    "https://eur-lex.europa.eu/legal-content/EN/TXT/?uri=celex%3A32006R1013",
    "http://eur-lex.europa.eu/legal-content/EN/TXT/?uri=CELEX:32012L0019"
  ],
  "lead_time_days": null,
  "processing_time_days": null,
  "prerequisites": [],
  "audit_scope": [],
  "test_items": [],
  "other_relevant_info": null
}
