{
  "artifact_type": "management_system_certification",
  "name": "One Substance, One Assessment (1S1A) Approach for EU Chemicals Legislation",
  "aliases": [
    "1S1A",
    "EU Chemicals Agencies Reattribution",
    "One Substance One Assessment",
    "EU Chemicals Streamlining",
    "EU Agencies Chemicals Task Reattribution"
  ],
  "issuing_body": "European Commission",
  "region": "EU/EEA",
  "mandatory": false,
  "validity_period_months": 0,
  "overview": "The One Substance, One Assessment (1S1A) approach is an EU initiative to streamline, harmonize, and centralize the scientific and technical work on chemicals across EU legislation by reallocating tasks to EU agencies such as ECHA, EFSA, EMA, EEA, and EU-OSHA.",
  "full_description": "The 1S1A approach aims to ensure coherent, efficient, and transparent delivery of safety assessments of chemicals across EU chemical legislation. It consolidates technical and scientific work on chemicals within EU agencies, reducing duplication, improving scientific consistency, and enhancing transparency. The initiative covers the reattribution of tasks such as risk and hazard assessment, data management, development of methodologies, and operation of IT platforms. It also strengthens cooperation among agencies, mandates the use of harmonized data formats, and establishes a common data platform for chemicals. The approach is implemented through targeted amendments to over 40 pieces of EU legislation, affecting sectors including industrial chemicals, biocides, plant protection products, pharmaceuticals, cosmetics, food contact materials, and more.",
  "legal_reference": "COM(2023) 783 final; COM(2023) 781 final; Directive 2011/65/EU; Regulation (EU) 2019/1021; Regulation (EU) 2022/2371; Directive (EU) 2020/2184; Regulation (EU) 2023/1542; and others",
  "domain_tags": [
    "chemical_safety",
    "regulatory_compliance"
  ],
  "scope_tags": [
    "chemical",
    "industrial_chemical",
    "biocide",
    "plant_protection_product",
    "pharmaceutical",
    "cosmetic",
    "food_contact_material",
    "waste",
    "toy",
    "medical_device"
  ],
  "harmonized_standards": [],
  "fee": "Resource needs and operational costs vary by agency and task; e.g., ECHA: up to €6.18 million/year for common data platform; fees may apply for certain authorisations or exemptions (e.g., RoHS, REACH).",
  "application_process": "Tasks are reattributed via legislative amendments; agencies implement new/expanded roles as per updated EU regulations and directives. No direct application by companies; compliance is through sectoral legislation.",
  "official_link": "https://eur-lex.europa.eu/legal-content/EN/TXT/?uri=COM%3A2023%3A783%3AFIN",
  "updated_at": "2024-06-10T00:00:00Z",
  "sources": [
    "https://eur-lex.europa.eu/legal-content/EN/TXT/?uri=COM%3A2023%3A783%3AFIN",
    "https://eur-lex.europa.eu/legal-content/EN/TXT/?uri=COM%3A2023%3A781%3AFIN",
    "https://ec.europa.eu/info/law/better-regulation/have-your-say/initiatives/13161-Chemicals-making-best-use-of-EU-agencies-to-streamline-scientific-assessments_en",
    "https://eur-lex.europa.eu/eli/dir/2020/2184/oj",
    "https://eur-lex.europa.eu/legal-content/EN/ALL/?uri=CELEX:32022R2371",
    "https://eur-lex.europa.eu/legal-content/EN/TXT/?uri=CELEX%3A02019R1021-20230828"
  ],
  "lead_time_days": null,
  "processing_time_days": null,
  "prerequisites": [],
  "audit_scope": [
    "scientific_assessment_processes",
    "data_management",
    "methodology_development",
    "inter-agency_cooperation"
  ],
  "test_items": [],
  "other_relevant_info": "The 1S1A approach is not a certification for companies but a regulatory and administrative framework for EU agencies. It impacts how chemical safety assessments are performed and coordinated in the EU, affecting regulatory processes for a wide range of chemical-related products and sectors. Implementation is ongoing and involves significant resource reallocation and IT infrastructure development across agencies."
}
