{
  "artifact_type": "product_certification",
  "name": "Directive 2011/65/EU (RoHS 2)",
  "aliases": [
    "RoHS 2",
    "Restriction of Hazardous Substances Directive",
    "RoHS Directive",
    "2011/65/EU",
    "RoHS recast"
  ],
  "issuing_body": "European Commission",
  "region": "EU/EEA",
  "mandatory": true,
  "validity_period_months": 0,
  "overview": "RoHS 2 restricts the use of certain hazardous substances in electrical and electronic equipment (EEE) placed on the EU/EEA market, requiring compliance with substance limits, CE marking, and technical documentation.",
  "full_description": "Directive 2011/65/EU (RoHS 2) is a European Union directive that restricts the use of specific hazardous substances in electrical and electronic equipment (EEE) to protect human health and the environment, particularly during waste management. It applies to nearly all EEE categories, cables, and spare parts, with certain exclusions such as military equipment, large-scale stationary industrial tools, and R&D equipment. RoHS 2 requires manufacturers to ensure their products do not exceed maximum concentration values for substances like lead, mercury, cadmium, hexavalent chromium, PBB, and PBDE, and to affix the CE mark, prepare a Declaration of Conformity, and maintain technical documentation. Exemptions may be granted for specific applications, and compliance is enforced at the national level within the EU/EEA.",
  "legal_reference": "Directive 2011/65/EU",
  "domain_tags": [
    "product_safety"
  ],
  "scope_tags": [
    "electrical_equipment",
    "electronic_equipment",
    "cable",
    "spare_part",
    "medical_device",
    "monitoring_instrument",
    "industrial_tool",
    "component",
    "consumable"
  ],
  "harmonized_standards": [
    "EN 50581:2012"
  ],
  "fee": null,
  "application_process": "1. Determine if product is in scope. 2. Ensure compliance with substance restrictions. 3. Prepare technical documentation (EN 50581:2012). 4. Draw up Declaration of Conformity. 5. Affix CE marking. 6. Maintain records for authorities.",
  "official_link": "https://eur-lex.europa.eu/legal-content/EN/TXT/?uri=CELEX%3A32011L0065",
  "updated_at": "2024-06-10T00:00:00Z",
  "sources": [
    "https://ec.europa.eu/environment/waste/rohs_eee/pdf/faq.pdf",
    "https://eur-lex.europa.eu/legal-content/EN/TXT/?uri=CELEX%3A32011L0065"
  ],
  "lead_time_days": null,
  "processing_time_days": null,
  "prerequisites": [
    "Technical documentation per EN 50581:2012",
    "Declaration of Conformity",
    "CE marking",
    "Compliance with substance restrictions"
  ],
  "audit_scope": [],
  "test_items": [
    "lead_content",
    "mercury_content",
    "cadmium_content",
    "hexavalent_chromium_content",
    "polybrominated_biphenyls_content",
    "polybrominated_diphenyl_ethers_content"
  ],
  "other_relevant_info": "RoHS 2 applies to all EEE unless specifically excluded (e.g., military, space, large-scale tools/installations, R&D equipment). Exemptions for certain applications are possible and listed in Annexes III and IV. CE marking is mandatory for in-scope EEE. Cables and spare parts are included. Enforcement is at the Member State level."
}
