{
  "artifact_type": "product_certification",
  "name": "Directive 2011/65/EU on the restriction of the use of certain hazardous substances in electrical and electronic equipment",
  "aliases": [
    "RoHS Directive",
    "Restriction of Hazardous Substances Directive",
    "RoHS 2",
    "Directive 2011/65/EU",
    "RoHS"
  ],
  "issuing_body": "European Commission",
  "region": "EU/EEA",
  "mandatory": true,
  "validity_period_months": 0,
  "overview": "Directive 2011/65/EU (RoHS) restricts the use of certain hazardous substances in electrical and electronic equipment (EEE) placed on the EU/EEA market, aiming to protect human health and the environment and ensure the proper functioning of the internal market.",
  "full_description": "The RoHS Directive (2011/65/EU) establishes restrictions on the use of ten hazardous substances, including lead, mercury, cadmium, hexavalent chromium, PBB, PBDE, and four phthalates, in electrical and electronic equipment (EEE) within the EU/EEA. It applies to nearly all EEE categories, with specific exclusions such as large-scale stationary industrial tools and certain medical devices. Manufacturers must ensure compliance through technical documentation, internal production control, and affixing the CE marking. The Directive includes mechanisms for time-limited and application-specific exemptions, subject to review and renewal, and is closely linked to other EU legislation such as REACH and the WEEE Directive. Its objectives are to reduce hazardous substances in EEE, facilitate environmentally sound recovery and disposal of WEEE, and harmonize requirements across Member States to support the internal market.",
  "legal_reference": "Directive 2011/65/EU",
  "domain_tags": [
    "environmental_compliance",
    "product_safety"
  ],
  "scope_tags": [
    "electrical_equipment",
    "electronic_equipment",
    "household_appliance",
    "medical_device",
    "monitoring_instrument",
    "lighting_equipment",
    "consumer_equipment",
    "it_equipment",
    "industrial_equipment",
    "toys"
  ],
  "harmonized_standards": [
    "EN IEC 63000:2018"
  ],
  "fee": "No EU-level fee for exemption applications; compliance costs vary by company size and product complexity; Member State enforcement costs range from EUR 10,000 to EUR 400,000 per year.",
  "application_process": "• Prepare technical documentation and conduct internal production control\n• Ensure EEE meets substance restrictions in Annex II\n• Draw up EU declaration of conformity\n• Affix CE marking\n• For exemptions, submit application with required documentation to the European Commission\n• See: https://environment.ec.europa.eu/topics/waste-and-recycling/rohs-directive/implementation-rohs-directive_en",
  "official_link": "https://eur-lex.europa.eu/legal-content/EN/TXT/?uri=CELEX%3A02011L0065-20230301",
  "updated_at": "2024-06-10T00:00:00Z",
  "sources": [
    "https://eur-lex.europa.eu/legal-content/EN/TXT/?uri=CELEX%3A02011L0065-20230301",
    "https://environment.ec.europa.eu/topics/waste-and-recycling/rohs-directive_en",
    "https://data.europa.eu/doi/10.2779/89335",
    "https://op.europa.eu/en/publication-detail/-/publication/b9188764-f465-11ed-a05c-01aa75ed71a1/language-en/format-PDF/source-286516984"
  ],
  "lead_time_days": 0,
  "processing_time_days": 0,
  "prerequisites": [
    "Technical documentation demonstrating compliance",
    "Internal production control procedure",
    "EU declaration of conformity",
    "CE marking",
    "For exemptions: completed application with supporting evidence"
  ],
  "audit_scope": [],
  "test_items": [
    "lead",
    "mercury",
    "cadmium",
    "hexavalent_chromium",
    "polybrominated_biphenyls",
    "polybrominated_diphenyl_ethers",
    "bis(2-ethylhexyl) phthalate (DEHP)",
    "butyl benzyl phthalate (BBP)",
    "dibutyl phthalate (DBP)",
    "diisobutyl phthalate (DIBP)"
  ],
  "other_relevant_info": "RoHS compliance is required for nearly all EEE placed on the EU/EEA market, with certain exclusions. The Directive is enforced through market surveillance by Member States, and non-compliance can result in product withdrawal. Exemptions are possible for specific applications and are time-limited. The Directive is closely linked to REACH, WEEE, and Ecodesign legislation, and has influenced similar regulations globally. The CE marking on EEE indicates presumed compliance with RoHS requirements."
}
