{
  "artifact_type": "product_certification",
  "name": "Restriction of Hazardous Substances in Electrical and Electronic Equipment (RoHS) Directive",
  "aliases": [
    "RoHS",
    "RoHS Directive",
    "RoHS 2",
    "Directive 2011/65/EU"
  ],
  "issuing_body": "European Commission",
  "region": "EU/EEA",
  "mandatory": true,
  "validity_period_months": 0,
  "overview": "The RoHS Directive restricts the use of certain hazardous substances in electrical and electronic equipment (EEE) in the EU to protect human health and the environment.",
  "full_description": "The RoHS Directive (Restriction of Hazardous Substances) is an EU law that limits the use of ten hazardous substances, including lead, mercury, cadmium, hexavalent chromium, PBB, PBDE, DEHP, BBP, DBP, and DIBP, in electrical and electronic equipment. It applies to nearly all EEE placed on the EU market, unless specifically excluded, and aims to reduce environmental and health risks associated with EEE waste. The directive also promotes the recyclability of EEE by ensuring products contain fewer hazardous substances, creating a level playing field for manufacturers and importers. Compliance is required for market access in the EU/EEA.",
  "legal_reference": "Directive 2011/65/EU",
  "domain_tags": [
    "product_safety",
    "environmental"
  ],
  "scope_tags": [
    "electrical_equipment",
    "electronic_equipment",
    "consumer_electronics",
    "industrial_equipment",
    "medical_devices",
    "monitoring_instruments",
    "lighting_equipment",
    "IT_equipment",
    "telecommunications_equipment"
  ],
  "harmonized_standards": [],
  "fee": null,
  "application_process": "Manufacturers must ensure EEE complies with substance restrictions, maintain technical documentation, and affix CE marking. See: https://environment.ec.europa.eu/topics/waste-and-recycling/rohs-directive/implementation-rohs-directive_en",
  "official_link": "https://eur-lex.europa.eu/legal-content/EN/TXT/?uri=CELEX:32011L0065",
  "updated_at": "2024-06-10T00:00:00Z",
  "sources": [
    "https://environment.ec.europa.eu/topics/waste-and-recycling/rohs-directive_en",
    "https://eur-lex.europa.eu/legal-content/EN/TXT/?uri=CELEX:32011L0065",
    "https://environment.ec.europa.eu/document/download/051e7e21-a0cc-4cb0-a3aa-ae6cb7f13488_en?filename=FAQ%20key%20guidance%20document%20-%20RoHS.pdf"
  ],
  "lead_time_days": null,
  "processing_time_days": null,
  "prerequisites": [],
  "audit_scope": [],
  "test_items": [
    "lead",
    "cadmium",
    "mercury",
    "hexavalent_chromium",
    "polybrominated_biphenyls",
    "polybrominated_diphenyl_ethers",
    "bis(2-ethylhexyl)_phthalate",
    "butyl_benzyl_phthalate",
    "dibutyl_phthalate",
    "diisobutyl_phthalate"
  ],
  "other_relevant_info": "The RoHS Directive is closely linked to the WEEE Directive, which covers collection and recycling of EEE. Exemptions for certain applications are listed in Annexes III and IV and are subject to periodic review and updates."
}
