{
  "artifact_type": "market_access_authorisation",
  "name": "RoHS Exemption Request under Directive 2011/65/EU Article 5(8)",
  "aliases": [
    "RoHS Exemption Application",
    "RoHS 2 Exemption Request",
    "Directive 2011/65/EU Exemption",
    "RoHS Annex III/IV Exemption"
  ],
  "issuing_body": "European Commission Directorate-General for Environment (DG ENVIRONMENT)",
  "region": "EU/EEA",
  "mandatory": true,
  "validity_period_months": 60,
  "overview": "A formal process for manufacturers and other economic operators to request, renew, amend, or delete exemptions from the substance restrictions of the EU RoHS Directive 2011/65/EU for electrical and electronic equipment, based on technical, scientific, and socio-economic criteria.",
  "full_description": "The RoHS Exemption Request process under Directive 2011/65/EU Article 5(8) allows manufacturers, importers, and other stakeholders to apply for temporary exemptions from the restriction of hazardous substances in electrical and electronic equipment (EEE) placed on the EU market. Exemptions may be granted, renewed, amended, or revoked based on criteria such as technical impracticability of substitution, reliability, socio-economic impacts, and environmental or health considerations. Applications require detailed technical, scientific, and socio-economic documentation, and are evaluated by the European Commission, often with stakeholder consultation. Exemptions are listed in Annexes III and IV of the Directive and are valid for up to 5 or 7 years depending on product category, with renewal possible upon application.",
  "legal_reference": "Directive 2011/65/EU Article 5(8)",
  "domain_tags": [
    "product_environmental"
  ],
  "scope_tags": [
    "electrical_equipment",
    "electronic_equipment",
    "medical_device",
    "monitoring_instrument",
    "industrial_instrument"
  ],
  "harmonized_standards": [
    "ISO 14040",
    "ISO 14044"
  ],
  "fee": "No fixed fee; costs may include preparation of technical documentation and third-party assessments.",
  "application_process": "- Compile required technical, scientific, and socio-economic documentation\n- Complete the exemption application form (see official guidance)\n- Submit application and supporting documents to the European Commission (DG ENVIRONMENT) by email or post\n- Respond to any follow-up questions during evaluation and stakeholder consultation",
  "official_link": "https://environment.ec.europa.eu/topics/waste-and-recycling/rohs-directive/exemptions-rohs-directive_en",
  "updated_at": "2024-06-10T00:00:00Z",
  "sources": [
    "https://www.oeko.de/fileadmin/oekodoc/RoHS-exemption-application-guidance.pdf",
    "https://environment.ec.europa.eu/topics/waste-and-recycling/rohs-directive/exemptions-rohs-directive_en",
    "http://ec.europa.eu/environment/waste/rohs_eee/pdf/faq.pdf"
  ],
  "lead_time_days": 540,
  "processing_time_days": 360,
  "prerequisites": [
    "Technical and scientific documentation supporting exemption justification",
    "Test results on substitutes",
    "Life cycle assessment (if available)",
    "REACH-relevant documentation",
    "Socio-economic data",
    "Completed application form"
  ],
  "audit_scope": [],
  "test_items": [
    "Lead (Pb) content",
    "Mercury (Hg) content",
    "Cadmium (Cd) content",
    "Hexavalent chromium (Cr-VI) content",
    "Polybrominated biphenyls (PBB) content",
    "Polybrominated diphenyl ethers (PBDE) content"
  ],
  "other_relevant_info": "Exemptions are temporary and subject to periodic review. Applications may be for new exemptions, renewals, amendments, or deletions. Stakeholder consultation is part of the evaluation process. Validity periods differ for medical and monitoring devices (up to 7 years). The process may take up to 18 months; transition periods apply for expired or revoked exemptions."
}
